,model,rmse,mse
0,num_only,2.2750093123403885,5.1756673712354875
1,nums_and_cats,2.2154065173974407,4.9080260373270574
2,all_vars_cv_1,2.2154065173974407,4.9080260373270574
3,num_only_log,2.335686683555165,5.455432283736925
4,logs_and_cats,2.252367744916127,5.07316045833856
5,nums_logs_and_cats,2.0859897621504113,4.35135328779633
6,original_logs_cats_hyper_tuned,2.1011028409380184,4.4146331481978125
